0,1
flying lotus,29XOeO6KIWxGthejQqn793
holy fuck,6Q0gMZJNIebNFFaJeonc11
the national,2cCUtGK9sDU2EoElnk0GNB
woods,2sBPVEeMBXKNsZtYaJixnJ
the new pornographers,4mO4aGO6u29UyR6XLZR9XW
the dead weather,4AZab8zo2nTYd7ORDmQu0V
lcd soundsystem,066X20Nz7iquqkkCW6Jxy6
the black keys,7mnBLXK823vNxN3UWB7Gfz
sleigh bells,59pWgeY26Q6yJy37QvJflh
harlem,4PWqvc4ydEyoyBhXPOxDyy
tobacco,3ikKyCOrsMeANi0d5u8BCR
ratatat,57dN52uHvrHOxijzpIgu3E
guilty simpson,0Zji66LHK0QCC8AUMuyp3h
tame impala,5INjqkS1o8h1imAzPqGZBb
melvins,6aVjo0xHSiuW5hkasoYSR3
sleepy sun,4CL0ezfJvQDkDmjMG7XrV0
here we go magic,4WxjrOJGIngO2hJnlCeK7f
ariel pink's haunted graffiti,5H0YoDsPDi9fObFmJtTjfN
suckers,6Una88NE23aRtaG9FWHK93
foals,6FQqZYVfTNQ1pCqfkwVFEa
villagers,2m1l9MLSslzup4vvokKgvQ
the radio dept.,0utS63XytOEVN1EtzWhJpG
devo,0UKfenbZb15sqhfPC6zbt3
laurie anderson,5hqB3Fxgin9YGYa0mIGf1G
emeralds,45btnwhUWFlR7Op5oTfDPv
wolf parade,0XSqX2PB3C5dTMv7SZaxSm
the roots,78xUyw6FkVZrRAtziFdtdu
wavves,6bUJpbekaIlq2fT5FMV2mQ
club 8,0bDw4crr1aysTpUTjI3Wqx
big boi,2ht3wxeT69CzyKFChNnNAB
dirty projectors,5VF0YkVLeVD4ytyiyVSIiF
the books,4UvhuGdFf75Cfan7lEU1J1
baths,5zS8r5hRRk1jzD41yYS1NO
best coast,5YkBrE0wF8cAlq3GCOw5Eu
wild nothing,6NrkINd80slV25wkBu9mEB
arcade fire,3kjuyTCjPG1WMFCiyc5IuB
the budos band,5q4eLKmqFVP0xII8087PHz
autolux,7HizNYe1mSfmvbXlx3la3m
matmos,0xBkYJzwFzcIYev4fOkvk0
so percussion,0aNLauXlYmoVmPmpYS7Ut6
klaxons,2qlAMLpUyBjZgnzuFXXZXI
mogwai,34UhPkLbtFKRq3nmfFgejG
magic kids,77yextwTD1ZcQq0Q1koLGc
watain,4OpHsZuhfJMU9PZ3zkyUQX
weezer,3jOstUTkEu2JkjvRdBA5Gu
of montreal,5xeBMeW0YzWIXSVzAxhM8O
blonde redhead,5isqImG0rLfAgBJSPMEVXF
grinderman,0IpDaO9A1OW1h0YChKzVaX
the walkmen,6kFay2DQ5aZfeu5OsrF3Pw
chromeo,2mV8aJphiSHYJf43DxL7Gt
future islands,1WvvwcQx0tj6NdDhZZ2zZz
black milk,77zgRkcehIGCAtROXkXkb3
black mountain,00sAr10UTV1JZtHqxsLVn4
swans,79S80ZWgVhIPMCHuvl6SkA
deerhunter,38zTZcuN7nFvVJ6auhc6V3
no age,72acCeElLYGL9nBHcZzX1h
neil young,6v8FB84lnmJs434UJf2Mrm
women,2uf32eac3VFGHBonRKaLXQ
salem,3QJUFtGBGL05vo0kCJZsmT
abe vigoda,1mu7k6UrCDxm9g1mih2NqV
twin shadow,6fLrPFLWLSCrp7gcTZXcKb
sufjan stevens,4MXUO7sVCaFgFjoTI5ox5c
the fresh & onlys,6Ri83BLqlgaqIc9jwSgAn1
luke abbott,3rVAnydRNnaQr24T3reJZg
sharon van etten,2wJ4vsxWd7df7dRU4KcoDe
avey tare,0yJolfjqzHfNbr9IoBSndu
kings of leon,2qk9voo8llSGYcZ6xrBzKx
zach hill,3GjsFPyuCazKeKgVzMg6Om
matthew dear,2GLf7iaOOujAem5R87xwto
warpaint,3AmgGrYHXqgbmZ2yKoIVzO
diamond rings,1pcqjPVtlhYZThnmAKiRq4
how to dress well,4jLcgJjDGmW0HmvbSf6lEI
brian eno,7MSUfLeTdDEoZiJPDSBXgi
kid cudi,0fA0VVWsXO9YnASrzqfmYu
gold panda,6xS3zemJD9h94iueQvGqVk
weekend,1Xyo4u8uXC1ZmMpatF05PJ
teebs,2L2unNFaPbDxjg3NqzpqhJ
kanye west,5K4W6rqBFWDnAN6FQUkS6x
agalloch,3Meu28o8P5z9Zjm6NTGihT
girl talk,6awzBEyEEwWHOjLox1DkLr
glasser,2M45qKMZX16QUyOiKyluI0
maserati,4qQyS8N0BHNkGQRi8xsha8
off!,4DdkRBBYG6Yk9Ka8tdJ9BW
ghostface killah,6FD0unjzGQhX3b6eMccMJe
gorillaz,3AA28KZvwAUcZuOKwyblJQ
shad,2urobxol2zYHXOUJXDh8n4
m.i.a.,0QJIPDAEDILuo8AIq3pMuU
jj,7dq8KEwf0kQXJhM79iwcPh
wire,2i8ynmFv4qgRksyDlBgi6d
british sea power,5zhn89Em2jWUUWdpcLO3YL
smith westerns,3yEqgEvatASNm30zZR3ZHl
white lies,6ssXMmc5EOUrauZxirM910
fergus & geronimo,2PYGCPBQHmSXFx8iQmL706
destroyer,22ojy4H4ZVpowC4lRRC8In
the decemberists,7ITd48RbLVpUfheE7B86o2
braids,6JX35IQ1Yw84Yjzq2Y5p5i
john vanderslice,2GOfAZEwmCpwPhX7kjMJYN
cut copy,4EENT7N7rCBwrddM3s0vFS
james blake,53KwLdlmrlCelAZMaLVZqU
nicolas jaar,5a0etAzO5V26gvlbmHzT9W
radiohead,4Z8W4fKeB5YxbusRsdQVPb
colin stetson,4G6HhUUQ1LgyYnA2WJppf8
toro y moi,6O4EGCCb6DoIiR6B1QCQgp
pj harvey,12VaqyEhgwDRuFfEqbnrpz
siriusmo,22680B8sUdq6bL6nQaJfwg
the mountain goats,3hyGGjxu73JuzBa757H6R5
tim hecker,1qiwaJwjKod5WhcYZ76O1B
lupe fiasco,01QTIT5P1pFP3QnnFSdsJf
raekwon,2yQf6b8hxahZaT5dHlWaB1
the strokes,0epOFNiUfyON9EYx7Tpr6V
the pains of being pure at heart,3zmmBJseZelpVEHj8S6Dek
craft spells,16lg8y62dC3J6ok1pNAbFJ
bibio,0qzzGu8qpbXYpzgV52wOFT
panda bear,1R84VlXnFFULOsWWV8IrCQ
holy ghost!,2Vhc7Y0Kc6HzMC6glKM4h6
the vaccines,0Ak6DLKHtpR6TEEnmcorKA
timber timbre,7HeVXdOdMhLslVputGTZFQ
tv on the radio,3HJIB8sYPyxrFGuwvKXSLR
the weeknd,1Xyo4u8uXC1ZmMpatF05PJ
crystal stilts,5A4VWEnsa8KsbWfOUDCp6L
metronomy,54QMjE4toDfiCryzYWCpXX
tune-yards,0asVlqTLu3TimnYVyY5Jxi
the kills,5BYuBzqmTXwUDw2rYkwExr
bill callahan,7gqsi6aBSkRMJoL9psKqMr
thundercat,4frXpPxQQZwbCu3eTGnZEw
beastie boys,03r4iKL2g2442PT9n2UKsx
explosions in the sky,1uQWmt1OhuHGRKmZ2ZcL6p
fleet foxes,4EVpmkEwrLYEg6jIsiPMIb
the antlers,5o8Wylae9k23IEJMIiwd8s
death grips,5RADpgYLOuS2ZxDq7ggYYH
tyler,4V8LLVI7PbaPR0K2TGSxFF
the creator,4V8LLVI7PbaPR0K2TGSxFF
wild beasts,4zrFO6P7G6EZry0pfxMfKT
liturgy,5PIuMlRY9PSLUSFzs6lQu1
manchester orchestra,5wFXmYsg3KFJ8BDsQudJ4f
jesu,29SeiO68HQHBs7pDdWOvvX
amon tobin,3mvkWMe6swnknwscwvGCHO
coma cinema,4Ebry32YXxGXbI8FqhhSFu
my morning jacket,43O3c6wewpzPKwVaGEEtBM
death cab for cutie,0YrtvWJMgSdVrk3SfNjTbx
planningtorock,7qHOphlWaJrfFa0BqpayDG
arctic monkeys,7Ln80lUS6He07XvHI8qqHH
battles,3EMSpwRtkvUTxfB4aS5xnA
fucked up,05C3EDw4Rf0qMhrdjFKncL
wu lyf,5mGTnJvTkLDN76DgXka5f0
iceage,03hlOXqRyyXO3ectp3eEbU
sbtrkt,1O10apSOoAPjOu6UhUNmeI
cults,3Oim8XBPbznAa8Jj8QzNc8
shabazz palaces,6C403AR4y6PjN0xNNGh42m
samiyam,56j1OkSq0AMCgZGKVNc8GP
kendrick lamar,2YZyLoL8N0Wb9xBt1NhZWg
washed out,5juOkIIy18sFw9L30syt1Z
the horrors,7EFB09NxZrMi9pGlOnuBpd
the cool kids,1AWNf5CLnHH4oM1hcHiVeV
little dragon,6Tyzp9KzpiZ04DABQoedps
mellowhype,5CCrgHVEWtg8YTEn1UaYug
machinedrum,06xa1OLBsMQJFXcl2tQkH4
beirut,6pmxr66tMAePxzOLfjGNcX
cerebral ballzy,1FY7W9h7Psub7EAXfiGRJH
the war on drugs,6g0mn3tzAds6aVeUYRsryU
africa hitech,0NwdePm5jeQAtYt7dyFVEu
active child,54KTsBl98buzGkELjGlnuU
danny brown,7aA592KWirLsnfb5ulGWvU
red hot chili peppers,0L8ExT028jH3ddEcZwqJJ5
lil wayne,55Aa2cqylxrFIXC767Z865
hella,1n861RIk6CTAWncgHR9UHg
shlohmo,6y80I9YZi4DOpbaSUlL725
girls,0Sadg1vgvaPqGTOjxu0N6c
the men,7HWFXU9pHBj0u58yoRwwOJ
wolves in the throne room,5lqyPWmAivV75tII5Vxpet
st. vincent,7bcbShaqKdcyjnmv4Ix8j6
das racist,4iqAeIP1ynbt71G0Oi8VIt
opeth,0ybFZ2Ab08V8hueghSXm6E
mastodon,1Dvfqq39HxvCJ3GvfeIFuT
j. cole,6l3HvQ5sa6mXTsMTB19rO5
wilco,2QoU3awHVdcHS8LrZEKvSM
feist,6CWTBjOJK75cTE8Xv8u1kj
rustie,6YGu0Rv2120wkc4AXZSGgl
absu,3eVkhnD2UKVjX5uiUsqfXP
kuedo,1SYQUJukd40ps4z6RT77rC
m83,63MQldklfxkjYDoUE4Tppz
tom waits,7x83XhcMbOTl1UdYsPTuZM
the field,4LeF3SUf7hytyGQJoLJbym
justice,1gR0gsQYfi6joyO1dlp76N
lou reed,42TFhl7WlMRXiNqzSrnzPL
metallica,2ye2Wgw4gimLv2eAKyk1NB
the strange boys,6rBLnxCHDUQTw1nf2qWfm2
my brightest diamond,37qXWlhfRvpxmIeTKvfw8B
david lynch,2Gu6Q05ExIGwHTF43kqLBI
childish gambino,73sIBHcqh3Z3NyqHKZ7FOL
atlas sound,3kGhAL9j1WyNjNkWTRQd8T
drake,3TVXtAsR1Inumwj472S9r4
wale,67nwj3Y5sZQLl72VNUHEYE
mac miller,4LLpKhyESsyAXpc4laK94U
kate bush,1aSxMhuvixZ8h9dK9jIDwL
yelawolf,68DWke2VjdDmA75aJX5C57
oneohtrix point never,2wPDbhaGXCqROrVmwDdCrK
comet gain,1QFSWSYQpinYxsaAMG8jF2
jacaszek,46xbeTrtjYfCObCHTlGOPW
cass mccombs,2iUVQjheBnvOt8vaBrxXJz
the internet,7GN9PivdemQRKjDt4z5Zv8
guided by voices,4oV5EVJ0XFWsJKoOvdRPvl
cloud nothings,6rnbB5fuUuCSsspvFsxIpT
schoolboy q,5IcR3N7QB1j6KBL8eImZ8m
first aid kit,21egYD1eInY6bGFcniCRT1
gonjasufi,6pdYN3jOHWteVALy9sKGEf
chairlift,7hAolICGSgXJuM6DUpK5rp
lamb of god,3JFsVIxOn7STeilPICkkB2
pop. 1280,7sWRVumHL8TdtyWcsHVNpy
heems,7x3mbyjfOZ9y599MHmyNOu
lana del rey,00FQb4jTyendYWaN8pK0wa
the maccabees,0vW8z9pZMGCcRtGPGtyqiB
leonard cohen,5l8VQNuIg0turYE1VtM9zV
earth,4QQgXkCYTt3BlENzhyNETg
burial,0uCCBpmg6MrPb1KY2msceF
goatwhore,59YfPxuxGghrdPumu6aFKI
grimes,053q0ukIDRgzwTr4vNSwab
perfume genius,2ueoLVCXQ948OfhVvAy3Nn
pallbearer,2yeEmsTQMNHBlS5dhWtuD1
christian mistress,0fEyv0n8MBgXZQLOMcHbZO
the magnetic fields,6RWjTQqILL7a1tQ0VapyLK
unsane,2C3gpQ0UMPjrOQ4FYdylRS
theesatisfaction,3H1MzPCZZQ0SKoKQlTNfqa
the shins,4LG4Bs1Gadht7TCrMytQUO
high on fire,1eiIIImNeUj3vpaocWqoOf
chromatics,4tOVIRjlWWfR1RrAxyRqTE
willis earl beal,58CUVLn2xm7I9iFg97t9XC
kindness,6SYIsHAQ1sPokVxmzpaDBU
dr. john,320TrJub4arztwXRm7kqVO
lotus plaza,4o1mf6VhPYeSoQkMcfB0HG
black dice,6xV3tISBQOJ46BJPlC02tX
spiritualized,6DKmuXxXASTF6xaJwcTfjv
moonface,0h1JqR0KD88ru6f5yUd7Lh
jack white,4FZ3j1oH43e7cukCALsCwf
torche,4PxqJghOAEvatt0scJvili
lone,3qbnxnvUqR14MJ9g8QwZJK
beach house,56ZTgzPBDge0OvCGgMO3OY
squarepusher,4mtHSXwIHihO6MWNq5Qoko
ab-soul,0g9vAlRPK9Gt3FKCekk4TW
killer mike,2N4EYkIlG1kv25g6Wv8LGI
dope body,7xG9iqFOBgVbssVYyPuPyn
mount eerie,4Sw0SFu1fFdYXdAEVdrqnO
el-p,4E9GScOUpq8PgyRhItXx7x
big k.r.i.t.,0CKa42Jqrc9fSFbDjePaXP
black breath,3G5hGmHXhRi8zuIfLAeoPg
japandroids,2WcCoPxAWFNSCvsFPrpf30
crazy horse,0oi7g8NUnlLh5tJvg2y5e3
liars,2z78AlkdwE2Ghj9EB50M6z
the tallest man on earth,2BpAc5eK7Rz5GAwSp9UYXa
iamamiwhoami,6UOcY6w4K6Ek5Lw5rFDHdP
joey bada$$,2P5sC9cVZDToPxyomzF1UH
bobby womack,0vqkz1b2qBkoYrGMj2CUWq
curren$y,6X8WdFjrNhXATMDSs26aCc
metric,1rCIEwPp5OnXW0ornlSsRl
the smashing pumpkins,40Yq4vzPs9VNUrIBG5Jr2i
old man gloom,1Rc7L8nr2gvXKlqDL4tVKj
hot chip,37uLId6Z5ZXCx19vuruvv5
foxygen,55LHFEtIplWhsfyWZUwkf4
frank ocean,2h93pZq0e7k5yf4dywlkpM
nas,20qISvAhX20dpIbOOzGK3q
aesop rock,2fSaE6BXtQy0x7R7v9IOmZ
mission of burma,5UMQV83wwZCCvRSQCVjZw6
purity ring,1TtJ8j22Roc24e2Jx3OcU4
guardian alien,3sZpfpV1uXhV0sUuKQwg5a
rick ross,1sBkRIssrMs1AbVkOJbc7a
nachtmystium,5Cz18ETgjR6kcVMUK0YOqD
passion pit,7gjAu1qr5C2grXeQFFOGeh
om,5FxD8fkQZ6KcsSYupDVoSO
domo genesis,6vHBuUxrcpn1do5UaEJ7g6
niki and the dove,4hiLNlqr4vQdiuo1aQKSXS
parquet courts,23NIwARd4vPbxt3wwNnJ6k
2 chainz,17lzZA2AlOHwCwFALHttmp
xibalba,4cysSrUcynhglKIL51ltQc
jj doom,5BxMS9rhKHbSagaYFBICun
jessie ware,5Mq7iqCWBzofK39FBqblNc
bloc party,3MM8mtgFzaEJsqbjZBSsHJ
holy other,7txCfGfh46OwoUBDPj4HKL
animal collective,4kwxTgCKMipBKhSnEstNKj
jens lekman,7tzI4rSFTHafjF18ZrNZWx
dan deacon,5Z3IWpvwOvoaWodujHw7xh
the xx,3iOvXCl6edW5Um0fXEBRXy
krallice,7pICtPXy11dc7D82jsF1Xy
grizzly bear,2Jv5eshHtLycR6R8KQCdc4
dinosaur jr.,267VY6GX5LyU5c9M85ECZQ
david byrne,20vuBdFblWUo2FCOvUzusB
the gaslamp killer,5dVua2HdrY1VlbPh6OM9KZ
efterklang,3DL71JYSG6VREkmLSzfWhU
muse,12Chz98pHFMPJEknJQMWvI
alt-j,3XHO7cRUPCLOr6jwp8vsx5
converge,7kHzfxMLtVHHb523s43rY1
daphni,4nhvb6x9ZhPiYCzrHDNia9
blu & exile,567CChDKZrtF4rnk2r5JeP
karriem riggins,6e7BQ0gM6o8ecMXRZkXxlZ
pig destroyer,4raqfuxaWjPjrOQGb6zoa7
chelsea wolfe,6ZK2nrW8aCTg8Bid7I7N10
andy stott,6BuDxEE5rfuYeyhxQsl53K
mac demarco,3Sz7ZnJQBIHsXLUSo0OQtM
black moth super rainbow,4UHzJP2iKVf0RhKIv7ZE2l
the soft moon,40HeNm05FEAxGx8gUOV4my
neurosis,1KHydwFySZY3YcWyo2q2dF
titus andronicus,5lJ4XQ2hlPlxACN7q3xKL1
the secret,5fIZHCg2de8322HZodBDWL
bat for lashes,6l77PmL5iuEEcYjGl8K6s7
crystal castles,7K3zpFXBvPcvzhj7zlGJdO
action bronson,7BMccF0hQFBpP6417k1OtQ
vessel,3CVP7vT9JUFGLj8MgiVKjY
goat,6jP9Z7o6WlbYvKUOeO5SbP
holly herndon,2c9yn5DJQd5es7YMY92ikZ
captain murphy,6YUljtbSGtGPyiXAKZ12wi
the evens,0D20qC9WhCXDlPBFZf7cmP
daniel lopatin,13PoSkMaBxmC6EeAu2oBhH
bad brains,1oVj9JmPUPg4SQ2uerV2xc
angel olsen,6mKqFxGMS5TGDZI3XkT5Rt
scott walker,04tBaW21jyUfeP5iqiKBVq
dragged into sunlight,0RZeUahZvHN2foITeBq29O
miguel,360IAlyVv4PCEVjgyMZrxK
the game,0NbfKEOTQCcwd6o7wSDOHI
chief keef,15iVAtD3s3FsQR4w1v6M0P
yo la tengo,5hAhrnb0Ch4ODwWu4tsbpi
cult of luna,7E7fJJpdVgr1F3pfAfRtHe
nosaj thing,0IVapwlnM3dEOiMsHXsghT
buke and gase,7rkeuiwd38oOVhBvOtLL1P
local natives,75dQReiBOHN37fQgWQrIAJ
tomahawk,6yyZgcrQ10gThrJxzqogiP
tegan and sara,5e1BZulIiYWPRm8yogwUYH
cakes da killa,6MoQZOH2KnQrJhVtO9VoXC
unknown mortal orchestra,1LeVJ5GPeYDOVUjxx1y7Rp
makthaverskan,57MIstrTi3Sw9J9yJybN0E
the underachievers,51Pn4gGnZuyOMDfIT1Zy3N
veronica falls,0mgbAj6btHW215UxhLq1AV
pissed jeans,6FTONkEJQsCSpoDHqaAP1V
grouper,31uyAcnY0kjjKKIQZMKX4i
portal,0TIFhYOYA4nLaVMaWD5DfI
beach fossils,1bwUhKRmEkOZ1wuTnV9XjC
atoms for peace,7tA9Eeeb68kkiG9Nrvuzmi
strfkr,2Tz1DTzVJ5Gyh8ZwVr6ekU
darkthrone,7kWnE981vITXDnAD2cZmCV
autechre,6WH1V41LwGDGmlPUhSZLHO
rhye,2AcUPzkVWo81vumdzeLLRN
nails,69a2GzMCkrrTrN9iVmP8Ys
david bowie,0oSGxfWSnnOXhD2fKuz2Gy
justin timberlake,31TPClRtHm23RisEBtV3X7
ken mode,3I33pakU01BuYZ5UyQ2A0i
bonobo,0cmWgDlu9CwTgxPhf403hb
kvelertak,0VE0GTaTSeeGSzrQpLmeb9
lapalux,46Ce0QmI1mE2bl5VQ4P9N8
the knife,7eQZTqEMozBcuSubfu52i4
the flaming lips,16eRpMNXSQ15wuJoeqguaB
ghost,3uL4UpqShC4p2x1dJutoRW
thee oh sees,3qYfqdVwX0fil71onLpLkh
phosphorescent,57kIMCLPgkzQlXjblX7XXP
kurt vile,5gspAQIAH8nJUrMYgXjCJ2
yeah yeah yeahs,3TNt4aUIxgfy9aoaft5Jj2
iggy and the stooges,4BFMTELQyWJU1SwqcXMBm3
jenny hval,5eerVxtb9lY9p6D7m89Bs7
the haxan cloak,543jOiqi5zLNZIOv7rA6rg
savages,1WFsBUAgQmrGQQEUyFKS60
chance the rapper,1anyVhU62p31KFi8MEzkbf
altar of plagues,1K4ZUQr2eaIqDLS8o5Gesh
phoenix,1xU878Z1QtBldR7ru9owdU
charli xcx,25uiPmTg16RbhZWAqwLBy5
co la,4qVwprcWm3RkWoMe1T6IRA
vampire weekend,5BvJzeQpmsdsFp4HGUYUEx
daft punk,4tZwfgrHOc3mvqYlEYSvVi
classixx,0vUTfcBDZZo2OUQJci5UNZ
quasimoto,1rJkz5vopfGxTUGFNB3o4G
deafheaven,4XpPveeg7RuYS3CgLo75t9
disclosure,6nS5roXSAGhTGr34W6n7Et
laura marling,7B2edU3Q7btJoNsoHCNohM
boards of canada,2VAvhf61GgLYmC6C8anyX1
jon hopkins,7yxi31szvlbwvKq9dYOmFI
zomby,0e1hn6R8UCfLkpHINwAyXR
locrian,3qg85LFImCJ1zIefm6urwC
billy woods,39vtb2iiz3079nqfL5nfFc
james holden,15e0X6NuMsVuHi7AZhcfyI
lycus,5ESTmhLb7NwtF2qKDv434t
fuck buttons,6tCENAD2FBfIMyygJMeOJV
ka,5K4W6rqBFWDnAN6FQUkS6x
alunageorge,2VAnyOxzJuSAj7XIuEOT38
modern life is war,24OGO7fr96L0azkG3pZZa2
earl sweatshirt,3A5tHz1SfngyOZM2gItYKu
julia holter,0bsV0sUjnCuCTYOnNHQl3E
a$ap ferg,5dHt1vcEm9qb8fCyLcB3HL
king krule,4wyNyxs74Ux8UIDopNjIai
dawn of midi,6ZEO5Ygd5FwXAcPNWuSu4F
gorguts,0Q4ioaeWOOlKFVPNdFvp9q
holograms,5cRFFVu55n63SFAByWg112
nine inch nails,0X380XXQSNBYuleKzav5UO
darkside,2933wDUojoQmvqSdTAE5NB
pusha t,0ONHkAv9pCAFxb0zJwDNTy
melt-banana,1aDpQ3bo57IlYWmsG5sdlp
four tet,7Eu1txygG6nJttLHbZdQOh
eminem,7dGJo4pcD2V6oG8kP0tJRR
daniel avery,1EULJuDFWpZ9xg4YwtUGGt
sky ferreira,7pyhre5oEEFMqcgMEvJY7q
blood orange,6LEeAFiJF8OuPx747e1wxR
gesaffelstein,3hteYQFiMFbJY7wS0xDymP
future of the left,4waRXR1luGWkwHOPZUjz2W
xiu xiu,5JLqvjW3Nyom2OsRUyFsS9
nils frahm,5gqhueRUZEa7VDnQt4HODp
against me!,29lz7gs8edwnnfuXW4FhMl
indian,50RqXyp6bJxpeUaRXm8pn8
have a nice life,0FRKTwQSToXpCxYMhyUzYY
actress,3bg5rmICvmA8dmYVAdKGYH
behemoth,1MK0sGeyTNkbefYGj673e9
step brothers,0G5nYx7zVtFf8StPWYZur6
sun kil moon,4G0XDEk7RbA4BBCTs917U9
temples,4ogwGU9VPWrnVBs1GEwZVV
sunn o))),2e7hYqRjL82c1nIoREHc4J
ulver,6bYFkBNvayh3nGqxcPp7Sv
beck,4obzFoKoKRHIphyHzJ35G3
real estate,41SQP16hv1TioVYqdckmxT
pharrell,2RdwBSPQiwcmiDo9kixcl8
tycho,5oOhM2DFWab8XhSdQiITry
big ups,0r1fPI0b5FqLNZd9Fe0PKk
skrillex,5he5w2lnU9x7JFhnwcekXX
nocando,5pq6CZTQZ4RMyjZKsMCwjP
m,4oUHIQIBe0LHzYfvXNW4QM
white hinterland,4yBP36OGJNfQLqiI6IWQqv
tony molina,2fmfhABysLV519rQYOBvtm
ratking,2xtXCUTxmekNFB8oIYuOfe
todd terje,49gaZqfow2v8EEQmjGyEIw
the hotelier,3kzNckjE5FzHQhe4pJiLKa
carla bozulich,1J1ZZtNJAhoc2PJ3y5Un4Q
chet faker,6UcJxoeHWWWyT5HZP064om
future,1RyvyyTE3xzB2ZywiAwp0i
ought,2VhVBXSB8n2KxuzKVZNxTY
damon albarn,0O98jlCaPzvsoei6U5jfEL
lykke li,6oBm8HB0yfrIc9IHbxs6in
trash talk,4pVWSc4qEC6U3yIjQleh90
owen pallett,77Rj6PHmQJFb8nbSH62y68
clipping.,5HJ2kX5UTwN4Ns8fB5Rn1I
coldplay,4gzpq5DPGxSnKTe4SA8HAU
riff raff,31IZdHrCZ5pRhLz4zBxN3o
blu,3Fl1V19tmjt57oBdxXKAjJ
ben frost,6qEM4txXHvfMbOUOK9L7pl
trap them,1QXcKL8Ggy8uCA23mFKgws
mayhem,0dR10i73opHXuRuLbgxltM
the soft pink truth,1TzvxOvPV19Pr7UiCne5Ei
open mike eagle,5CuU6SRJjbbZL926nSGGxX
a sunny day in glasgow,6ri0XKbaMvGEQ6r7fSee8g
wreck and reference,694llXQWlAvZlnG3qA1nkJ
la roux,3K2zB87GZv1krx031en5VA
morrissey,3iTsJGG39nMg9YiolUgLMQ
joyce manor,7qbvNcfTfckhCNM8NiR8nN
common,2GHclqNVjqGuiE5mA7BEoc
spoon,0K1q0nXQ8is36PzOKAMbNe
porter robinson,3dz0NnIZhtKKeXZxLOxCam
fka twigs,6nB0iY1cjSY1KyhYyuIIKH
raury,2PU4qFehXQF7WnlFsJpBiJ
ty segall,58XGUNsRNu3cVOIOYk5chx
zammuto,1aolDYgNWRTDQWUZ8C7jZu
the bug,057gc1fxmJ2vkctjQJ7Tal
death from above 1979,18H0sAptzdwid08XGg1Lcj
yung lean,67lytN32YpUxiSeWlKfHJ3
banks,2xe8IXgCTpwHE3eA9hTs4n
aphex twin,6kBDZFXuLrZgHnvmPu9NsG
milo,3Pkn59A7kZmnBHp7HBUcz5
julian casablancas + the voidz,4nUBBtLtzqZGpdiynTJbYJ
interpol,3WaJSfKnzc65VDgmj2zU8B
thom yorke,4CvTDPKA6W06DRfBnZKrau
shellac,6I8R5MFTlez7rHCsH4cx0u
caribou,4aEnNH9PuU1HF3TsZTru54
electric wizard,4htjQW3lgIwL6fEJlTOez4
godflesh,5A4ebXQf38xWIq0xSWLhsS
run the jewels,4RnBFZRiMLRyZy0AzzTg2C
pharmakon,1ix1aDOd7GSOeT9iqNh5KO
deerhoof,7AZwAitWq1KcFoIJhRWb6V
arca,4SsVbpTthjScTS7U2hmr1X
azealia banks,7gRhy3MIPHQo5CXYfWaw9I
pianos become the teeth,5gbwngeG3dwS4ARmtgud9C
dean blunt,5CFSYjc0PAiQvndFjafabk
ariel pink,5H0YoDsPDi9fObFmJtTjfN
pink floyd,0k17h0D3J5VfsdmQ1iZtE9
mr. oizo,0b9ukmbg0MO5eMlorcgOwz
the wytches,46cDW79OcUXlCbYPj7Ds5L
full of hell,1i5rlthy5CmAYWaFOB0jhz
foo fighters,7jy3rLJdDQY21OgRLCZ9sD
the vanguard,1Cxiw1j8YapEOhSmJWteHW
sleater-kinney,4wLIbcoqmqI4WZHDiBxeCB
belle and sebastian,4I2BJf80C0skQpp1sQmA0h
title fight,2CnhqfjUG0qzsru0SMuhrk
zs,7IYuY1VszmoEUu4o3tNgC6
john carpenter,0hxQtmgWiPtEsDPeIuKxXq
father john misty,2kGBy2WHvF0VdZyqiVCkDT
badbadnotgood,65dGLGjkw3UbddUg2GKQoZ
screaming females,3pZ666b6CyO1KGpVYirY0t
the pop group,3fBmq4xVcd346QvErp6fko
cannibal ox,3FjTqZ6SZYSYQMzY03O4RG
pile,44pUNjqg4mExLyFHnB3Bqf
leviathan,2MYkLaZHk1Fl0K0xqBK15Y
lightning bolt,2og3FOCLYXT9H7IYE6QPUq
modest mouse,1yAwtBaoHLEDWAnWR87hBT
godspeed you! black emperor,4svpOyfmQKuWpHLjgy4cdK
courtney barnett,4OOlG5eBXSkSAAEeKjJb5Y
young fathers,5mZC7ndY6oGMxJentRwsuV
young thug,50co4Is1HCEo8bhOyUWKpn
alabama shakes,16GcWuvvybAoaHr0NqT8Eh
marching church,2yCRa3hqG1fzQWlKMyWXak
tribulation,7xTo7ipdBZezIoyAkmcRge
sarah neufeld,17YxHBveizVRDwCUBVn1X0
paul de jong,1OjuSjXVf02X4UUBpHIQsN
blur,7MhMgCo0Bl0Kukl93PZbYS
kamasi washington,6HQYnRM4OzToCYPpVBInuU
torres,3lrDYjsghBMfUTiLziD9q9
snoop dogg,7hJcb9fa4alzcOq3EaNPoG
blanck mass,73LvjicByRK5LazcQYZMAY
faith no more,6GbCJZrI318Ybm8mY36Of5
prurient,00NwpiTtYKYzE6yEhSbFIk
shamir,7JgXEHI1oEiQICAMeCsKTj
dr. yen lo,3wThsWPPas7UTWGpOvN13h
hop along,3yYUV3hkJit05YIUEODqgp
donnie trumpet & the social experiment,0ojcq9LJQWMawQdFDw3M0L
jamie xx,7A0awCXkE1FtSU8B0qwOJQ
hudson mohawke,6olWbKW2VLhFCHfOi0iEDb
mewithoutyou,3D4qYDvoPn5cQxtBm4oseo
desaparecidos,1H8myCcRyST1S5CcXNHiYM
meek mill,20sxb77xiYeusSH8cVdatc
everything everything,1HOeqtP7tHkKNJNLzQ2tnr
the chemical brothers,1GhPHrq36VKCY3ucVaZCfo
quelle chris,2SlUrJAcTYbWR8GcmB9IEi
sleaford mods,0otAqZw8htTsGHfqR491Yh
lianne la havas,2RP4pPHTXlQpDnO9LvR7Yt
grave babies,7b1ogPT2uJwhwGjsJW0HgQ
health,6FfjnGXMhxSsJTuGLWBDth
mick jenkins,1FvjvACFvko2Z91IvDljrx
carly rae jepsen,6sFIWsNpZYqfjUpaCgueju
deradoorian,3jLCHiuXBTGEEku37TsobP
travis scott,0Y5tJX1MQlPlqiwlOH1tJY
fidlar,3P6duIn7oHeiBACZfYeNud
jay rock,28ExwzUQsvgJooOI0X1mr3
myrkur,3544ImlskUwZqWJTmqWUsa
the libertines,4fSPtBgFPZzygkY6MehwQ7
alex g,6lcwlkAjBPSKnFBZjjZFJs
chvrches,3CjlHNtplJyTf9npxaPl5w
the world is a beautiful place & i am no longer afraid to die,5bCNJ1ICzdnzK0yoCIP2Ip
neon indian,0KydPQPUUoTNhmiHKOg5Er
joanna newsom,4gn6f5jaOO75s0oF7ozqGG
protomartyr,2YFBqMMiIIL4XyiEwqySUQ
kirk knight,1nSpOxq3pcgomrfpXudQuq
foxing,2dfxY7YDuYCUtWFzWTS6IR
madlib,5LhTec3c7dcqBvpLRWbMcf
m.e.d.,36zSkwftotDHslP3KUQpew
panopticon,2Mz5qpR3WxbcBwZBsmraWE
car seat headrest,5PbpKlxQE0Ktl5lcNABoFf
kylesa,7mO0JGOATH8fVHvgCdZsXh
logic,4xRYI6VqpkE3UwrDrAZL8L
justin bieber,1uNFoZAHBGtllmzznpCI3s
anna von hausswolff,1eiXrvua27VlWgZ9kiaIn6
ty dolla $ign,7c0XG5cIJTrrAgEC3ULPiq
adele,4dpARuHxo51G3z768sgnrY
freddie gibbs,0Y4inQK6OespitzD6ijMwb
james ferraro,2gjrgz4DNYGrvQOpqLr2nv
cavanaugh,7gvaktIoFETGsouMev0lIJ
g-eazy,02kJSzxNuaWGqwubyUba0Z
archy marshall,2pLvihTVAElhBCw7HcrIUC
beach slang,3d5usliWmjkMKGsv2X341Q
christian scott,2q37Nw8NND2z1T1KU5XVfn
willow,3rWZHrfrsPBxVy692yAIxF
baroness,3KdXhEwbqFHfNfSk7L9E87
hinds,4piFCokRN13muTud5Y2lhz
anderson .paak,3jK9MiCrA42lLAdMGUZpwa
daughter,46CitWgnWrvF9t70C2p1Me
rihanna,5pKCCKE2ajJHZ9KAiaK11H
diiv,4OrizGCKhOrW6iDDJHN9xd
lucinda williams,60ht0hWRy1yjUDfNsLuHuP
porches,2JzhQYGos3RqV7MT5fWeek
macklemore,5BcAKTbp20cv7tC5VqPFoC
ryan lewis,4myTppRgh0rojLxx8RycOp
the 1975,3mIj9lX2MWuHmhNCA7LSCW
flatbush zombies,1dqGS5sT6PE2wEvP1gROZC
baauer,25fqWEebq6PoiGQIHIrdtv
the body,1VFYpTpgmp7ANXqok2dTg3
zayn,5ZsFI1h6hIdQRw2ti0hz81
ash koosha,6fmVG1KjVilXPkZ9x9UG8Z
deftones,6Ghvu1VvMGScGpOUJBAHNH
deakin,6JSybS5o47NUTNFQauvxUY
sturgill simpson,3vDpQbGnzRbRVirXlfQagB
beyonc,6vWDO969PvNqNYHIOW5v0m
king gizzard & the lizard wizard,6XYvaoDGE0VmRt83Jss9Sn
vektor,09mNj9XgCqgg6usfeXOoBg
skepta,2p1fiYHYiXz9qi0JJyxBzN
anohni,6VJZYivuYJGCrPuOAnI7Qo
kaytranada,6qgnBH6iDM91ipVXv28OMu
modern baseball,1HxXNvsraqrsgfmju1yKk8
marissa nadler,5zjaF8JUdylMWrA7AVo3hJ
pup,6A7uqgC2N1nUhrCLAytHxN
flume,6nxWCVXbOlEVRexSbLsTer
olga bell,1zjqPZmlIYTMAjmDtigRSo
xenia rubinos,17UUkxLWmRP5P47W5kwVVb
yg,0A0FS04o6zMoto8OKPsDwY
the avalanches,3C8RpaI3Go0yFF9whvKoED
clams casino,5vSQUyT33qxr1xAX2Tkf3A
gucci mane,13y7CgLHjMVRMDqxdx0Xdo
dj khaled,0QHgL1lAIqAw0HtD7YldmP
descendents,1FGH4Bh7g9W6V4fUcKZWp5
rae sremmurd,7iZtZyCzp3LItcw1wtPI3D
nick cave & the bad seeds,4UXJsSlnKd7ltsrHebV79Q
bon iver,4LEiUm1SRbFMgfqnQTwUbQ
regina spektor,3z6Gk257P9jNcZbBXJNX5i
oathbreaker,5kDp9RPBnmQzBLwVnVyVvz
solange,2auiVi8sUZo17dLy1HwrTU
green day,7oPftvlwr6VrsViSDV7fJY
nxworries,6PEMFpe3PTOksdV4ZXUpbE
crying,4RoIQHT4yJcA0ENhs8WLd4
the dillinger escape plan,7IGcjaMGAtsvKBLQX26W4i
lady gaga,1HY2Jd0NmPuamShAr6KMms
conor oberst,2Z7gV3uEh1ckIaBzTUCE6R
d.r.a.m.,5M0lbkGluOPXLeFjApw8r8
a tribe called quest,09hVIj6vWgoCDtT03h8ZCa
bruno mars,0du5cEVh5yTK9QJze8zA0C
little simz,6eXZu6O7nAUA5z6vLV8NKI
